transaction_id,customer_id,product_name,price,quantity,transaction_date,customer_email
TXN_00000,103,Laptop,839.73,3,2024-01-01 00:00:00,
TXN_00001,180,Headphones,945.17,2,2024-01-01 01:00:00,user1@email.com
TXN_00002,93,Tablet,686.42,1,2024-01-01 02:00:00,user2@email.com
TXN_00003,15,Phone,502.2,5,2024-01-01 03:00:00,user3@email.com
TXN_00004,107,Laptop,621.67,4,2024-01-01 04:00:00,user4@email.com
TXN_00005,72,Mouse,870.22,5,2024-01-01 05:00:00,user5@email.com
TXN_00006,189,Headphones,574.9,4,2024-01-01 06:00:00,user6@email.com
TXN_00007,21,Phone,40.08,3,2024-01-01 07:00:00,user7@email.com
TXN_00008,103,Phone,931.64,4,2024-01-01 08:00:00,user8@email.com
TXN_00009,122,Tablet,692.63,3,2024-01-01 09:00:00,user9@email.com
TXN_00010,75,Tablet,679.75,1,2024-01-01 10:00:00,
TXN_00011,88,Mouse,223.52,4,2024-01-01 11:00:00,user11@email.com
TXN_00012,117,Mouse,662.3,5,2024-01-01 12:00:00,user12@email.com
TXN_00013,100,Laptop,399.93,3,2024-01-01 13:00:00,user13@email.com
TXN_00014,104,Laptop,654.72,5,2024-01-01 14:00:00,user14@email.com
TXN_00015,152,Mouse,115.53,2,2024-01-01 15:00:00,user15@email.com
TXN_00016,131,Mouse,661.27,3,2024-01-01 16:00:00,user16@email.com
TXN_00017,150,Headphones,999.42,4,2024-01-01 17:00:00,user17@email.com
TXN_00018,53,Tablet,57.73,3,2024-01-01 18:00:00,user18@email.com
TXN_00019,2,Laptop,977.4,5,2024-01-01 19:00:00,user19@email.com
TXN_00020,88,Tablet,412.84,1,2024-01-01 20:00:00,
TXN_00021,158,Tablet,872.05,3,2024-01-01 21:00:00,user21@email.com
TXN_00022,38,Mouse,784.56,4,2024-01-01 22:00:00,user22@email.com
TXN_00023,130,Headphones,571.35,2,2024-01-01 23:00:00,user23@email.com
TXN_00024,192,Phone,741.06,1,2024-01-02 00:00:00,user24@email.com
TXN_00025,188,Headphones,879.73,2,2024-01-02 01:00:00,user25@email.com
TXN_00026,21,Headphones,410.1,3,2024-01-02 02:00:00,user26@email.com
TXN_00027,161,Tablet,333.76,5,2024-01-02 03:00:00,user27@email.com
TXN_00028,58,Headphones,670.92,5,2024-01-02 04:00:00,user28@email.com
TXN_00029,22,Laptop,809.77,4,2024-01-02 05:00:00,user29@email.com
TXN_00030,89,Tablet,764.66,5,2024-01-02 06:00:00,
TXN_00031,49,Laptop,799.84,1,2024-01-02 07:00:00,user31@email.com
TXN_00032,59,Phone,441.23,5,2024-01-02 08:00:00,user32@email.com
TXN_00033,170,Tablet,819.66,4,2024-01-02 09:00:00,user33@email.com
TXN_00034,188,Phone,129.01,3,2024-01-02 10:00:00,user34@email.com
TXN_00035,15,Tablet,549.04,3,2024-01-02 11:00:00,user35@email.com
TXN_00036,190,Mouse,15.7,5,2024-01-02 12:00:00,user36@email.com
TXN_00037,190,Headphones,331.34,2,2024-01-02 13:00:00,user37@email.com
TXN_00038,175,Mouse,372.8,3,2024-01-02 14:00:00,user38@email.com
TXN_00039,190,Phone,402.21,5,2024-01-02 15:00:00,user39@email.com
TXN_00040,51,Headphones,698.51,4,2024-01-02 16:00:00,
TXN_00041,108,Tablet,394.67,5,2024-01-02 17:00:00,user41@email.com
TXN_00042,55,Headphones,454.21,3,2024-01-02 18:00:00,user42@email.com
TXN_00043,64,Laptop,245.17,4,2024-01-02 19:00:00,user43@email.com
TXN_00044,131,Headphones,379.52,5,2024-01-02 20:00:00,user44@email.com
TXN_00045,51,Laptop,235.0,1,2024-01-02 21:00:00,user45@email.com
TXN_00046,135,Headphones,82.46,4,2024-01-02 22:00:00,user46@email.com
TXN_00047,21,Laptop,607.41,1,2024-01-02 23:00:00,user47@email.com
TXN_00048,73,Phone,671.53,2,2024-01-03 00:00:00,user48@email.com
TXN_00049,167,Mouse,623.3,4,2024-01-03 01:00:00,user49@email.com
TXN_00050,18,Tablet,468.86,1,2024-01-03 02:00:00,
TXN_00051,132,Headphones,385.99,3,2024-01-03 03:00:00,user51@email.com
TXN_00052,89,Mouse,864.7,3,2024-01-03 04:00:00,user52@email.com
TXN_00053,60,Tablet,523.89,2,2024-01-03 05:00:00,user53@email.com
TXN_00054,14,Tablet,484.39,4,2024-01-03 06:00:00,user54@email.com
TXN_00055,9,Laptop,35.39,4,2024-01-03 07:00:00,user55@email.com
TXN_00056,90,Phone,347.84,4,2024-01-03 08:00:00,user56@email.com
TXN_00057,53,Phone,386.39,2,2024-01-03 09:00:00,user57@email.com
TXN_00058,130,Mouse,404.83,4,2024-01-03 10:00:00,user58@email.com
TXN_00059,84,Phone,584.37,3,2024-01-03 11:00:00,user59@email.com
TXN_00060,92,Headphones,538.27,1,2024-01-03 12:00:00,
TXN_00061,111,Phone,611.83,3,2024-01-03 13:00:00,user61@email.com
TXN_00062,188,Mouse,767.23,3,2024-01-03 14:00:00,user62@email.com
TXN_00063,199,Phone,814.86,1,2024-01-03 15:00:00,user63@email.com
TXN_00064,172,Headphones,720.94,3,2024-01-03 16:00:00,user64@email.com
TXN_00065,8,Laptop,955.97,2,2024-01-03 17:00:00,user65@email.com
TXN_00066,175,Mouse,28.05,1,2024-01-03 18:00:00,user66@email.com
TXN_00067,35,Laptop,203.82,3,2024-01-03 19:00:00,user67@email.com
TXN_00068,81,Laptop,17.49,5,2024-01-03 20:00:00,user68@email.com
TXN_00069,164,Laptop,651.0,3,2024-01-03 21:00:00,user69@email.com
TXN_00070,50,Tablet,899.05,2,2024-01-03 22:00:00,
TXN_00071,104,Tablet,251.05,4,2024-01-03 23:00:00,user71@email.com
TXN_00072,132,Laptop,927.76,3,2024-01-04 00:00:00,user72@email.com
TXN_00073,2,Mouse,69.66,4,2024-01-04 01:00:00,user73@email.com
TXN_00074,134,Headphones,935.09,5,2024-01-04 02:00:00,user74@email.com
TXN_00075,54,Headphones,358.11,3,2024-01-04 03:00:00,user75@email.com
TXN_00076,106,Phone,110.41,1,2024-01-04 04:00:00,user76@email.com
TXN_00077,4,Mouse,491.01,4,2024-01-04 05:00:00,user77@email.com
TXN_00078,54,Tablet,264.21,5,2024-01-04 06:00:00,user78@email.com
TXN_00079,191,Laptop,292.02,1,2024-01-04 07:00:00,user79@email.com
TXN_00080,146,Phone,314.22,1,2024-01-04 08:00:00,
TXN_00081,44,Headphones,805.0,1,2024-01-04 09:00:00,user81@email.com
TXN_00082,162,Tablet,543.77,1,2024-01-04 10:00:00,user82@email.com
TXN_00083,190,Tablet,318.19,3,2024-01-04 11:00:00,user83@email.com
TXN_00084,14,Laptop,614.23,3,2024-01-04 12:00:00,user84@email.com
TXN_00085,95,Headphones,718.99,3,2024-01-04 13:00:00,user85@email.com
TXN_00086,48,Mouse,279.9,5,2024-01-04 14:00:00,user86@email.com
TXN_00087,15,Tablet,419.41,5,2024-01-04 15:00:00,user87@email.com
TXN_00088,200,Laptop,130.67,5,2024-01-04 16:00:00,user88@email.com
TXN_00089,190,Mouse,189.34,2,2024-01-04 17:00:00,user89@email.com
TXN_00090,40,Headphones,684.31,5,2024-01-04 18:00:00,
TXN_00091,82,Tablet,189.62,3,2024-01-04 19:00:00,user91@email.com
TXN_00092,111,Mouse,529.91,3,2024-01-04 20:00:00,user92@email.com
TXN_00093,53,Mouse,711.96,2,2024-01-04 21:00:00,user93@email.com
TXN_00094,24,Mouse,115.81,2,2024-01-04 22:00:00,user94@email.com
TXN_00095,154,Tablet,571.64,5,2024-01-04 23:00:00,user95@email.com
TXN_00096,188,Tablet,264.0,4,2024-01-05 00:00:00,user96@email.com
TXN_00097,124,Phone,963.3,2,2024-01-05 01:00:00,user97@email.com
TXN_00098,41,Headphones,488.71,1,2024-01-05 02:00:00,user98@email.com
TXN_00099,157,Laptop,807.93,3,2024-01-05 03:00:00,user99@email.com
TXN_00100,15,Mouse,554.72,1,2024-01-05 04:00:00,
TXN_00101,45,Phone,52.98,3,2024-01-05 05:00:00,user101@email.com
TXN_00102,65,Laptop,636.82,3,2024-01-05 06:00:00,user102@email.com
TXN_00103,89,Phone,951.89,2,2024-01-05 07:00:00,user103@email.com
TXN_00104,71,Tablet,605.6,2,2024-01-05 08:00:00,user104@email.com
TXN_00105,9,Mouse,821.0,1,2024-01-05 09:00:00,user105@email.com
TXN_00106,88,Laptop,885.36,3,2024-01-05 10:00:00,user106@email.com
TXN_00107,129,Laptop,235.8,1,2024-01-05 11:00:00,user107@email.com
TXN_00108,136,Laptop,219.92,4,2024-01-05 12:00:00,user108@email.com
TXN_00109,63,Laptop,614.87,1,2024-01-05 13:00:00,user109@email.com
TXN_00110,139,Laptop,416.92,5,2024-01-05 14:00:00,
TXN_00111,81,Phone,841.46,1,2024-01-05 15:00:00,user111@email.com
TXN_00112,136,Mouse,901.02,5,2024-01-05 16:00:00,user112@email.com
TXN_00113,163,Tablet,359.89,5,2024-01-05 17:00:00,user113@email.com
TXN_00114,163,Tablet,244.5,5,2024-01-05 18:00:00,user114@email.com
TXN_00115,33,Tablet,782.72,4,2024-01-05 19:00:00,user115@email.com
TXN_00116,123,Tablet,282.06,1,2024-01-05 20:00:00,user116@email.com
TXN_00117,5,Phone,824.39,1,2024-01-05 21:00:00,user117@email.com
TXN_00118,41,Headphones,429.5,4,2024-01-05 22:00:00,user118@email.com
TXN_00119,28,Mouse,670.87,3,2024-01-05 23:00:00,user119@email.com
TXN_00120,135,Laptop,104.58,2,2024-01-06 00:00:00,
TXN_00121,72,Headphones,627.62,1,2024-01-06 01:00:00,user121@email.com
TXN_00122,12,Tablet,457.25,2,2024-01-06 02:00:00,user122@email.com
TXN_00123,162,Headphones,590.74,4,2024-01-06 03:00:00,user123@email.com
TXN_00124,33,Mouse,176.33,3,2024-01-06 04:00:00,user124@email.com
TXN_00125,48,Laptop,739.51,3,2024-01-06 05:00:00,user125@email.com
TXN_00126,151,Laptop,864.17,3,2024-01-06 06:00:00,user126@email.com
TXN_00127,62,Mouse,224.57,4,2024-01-06 07:00:00,user127@email.com
TXN_00128,37,Mouse,104.76,5,2024-01-06 08:00:00,user128@email.com
TXN_00129,99,Tablet,33.4,5,2024-01-06 09:00:00,user129@email.com
TXN_00130,172,Laptop,645.55,2,2024-01-06 10:00:00,
TXN_00131,104,Headphones,611.02,5,2024-01-06 11:00:00,user131@email.com
TXN_00132,35,Phone,551.23,5,2024-01-06 12:00:00,user132@email.com
TXN_00133,193,Phone,239.63,3,2024-01-06 13:00:00,user133@email.com
TXN_00134,101,Mouse,397.0,3,2024-01-06 14:00:00,user134@email.com
TXN_00135,175,Tablet,598.53,2,2024-01-06 15:00:00,user135@email.com
TXN_00136,131,Phone,501.8,1,2024-01-06 16:00:00,user136@email.com
TXN_00137,1,Laptop,987.91,2,2024-01-06 17:00:00,user137@email.com
TXN_00138,5,Mouse,145.08,2,2024-01-06 18:00:00,user138@email.com
TXN_00139,142,Headphones,698.19,4,2024-01-06 19:00:00,user139@email.com
TXN_00140,103,Mouse,410.28,4,2024-01-06 20:00:00,
TXN_00141,27,Headphones,433.92,2,2024-01-06 21:00:00,user141@email.com
TXN_00142,137,Mouse,720.42,2,2024-01-06 22:00:00,user142@email.com
TXN_00143,15,Mouse,695.51,2,2024-01-06 23:00:00,user143@email.com
TXN_00144,90,Mouse,991.34,5,2024-01-07 00:00:00,user144@email.com
TXN_00145,42,Headphones,137.11,4,2024-01-07 01:00:00,user145@email.com
TXN_00146,124,Headphones,113.07,2,2024-01-07 02:00:00,user146@email.com
TXN_00147,179,Mouse,727.1,3,2024-01-07 03:00:00,user147@email.com
TXN_00148,63,Phone,582.6,3,2024-01-07 04:00:00,user148@email.com
TXN_00149,96,Tablet,281.42,5,2024-01-07 05:00:00,user149@email.com
TXN_00150,52,Tablet,88.63,5,2024-01-07 06:00:00,
TXN_00151,96,Tablet,94.8,1,2024-01-07 07:00:00,user151@email.com
TXN_00152,132,Headphones,895.25,1,2024-01-07 08:00:00,user152@email.com
TXN_00153,151,Headphones,199.95,1,2024-01-07 09:00:00,user153@email.com
TXN_00154,143,Phone,330.14,5,2024-01-07 10:00:00,user154@email.com
TXN_00155,171,Tablet,234.39,5,2024-01-07 11:00:00,user155@email.com
TXN_00156,29,Tablet,361.45,5,2024-01-07 12:00:00,user156@email.com
TXN_00157,36,Mouse,78.73,3,2024-01-07 13:00:00,user157@email.com
TXN_00158,13,Headphones,523.87,5,2024-01-07 14:00:00,user158@email.com
TXN_00159,160,Tablet,76.94,3,2024-01-07 15:00:00,user159@email.com
TXN_00160,71,Phone,802.35,1,2024-01-07 16:00:00,
TXN_00161,187,Phone,241.37,1,2024-01-07 17:00:00,user161@email.com
TXN_00162,86,Tablet,544.61,1,2024-01-07 18:00:00,user162@email.com
TXN_00163,28,Headphones,881.28,2,2024-01-07 19:00:00,user163@email.com
TXN_00164,66,Phone,654.37,2,2024-01-07 20:00:00,user164@email.com
TXN_00165,170,Mouse,537.63,4,2024-01-07 21:00:00,user165@email.com
TXN_00166,45,Phone,331.09,4,2024-01-07 22:00:00,user166@email.com
TXN_00167,62,Laptop,339.67,4,2024-01-07 23:00:00,user167@email.com
TXN_00168,185,Laptop,672.79,2,2024-01-08 00:00:00,user168@email.com
TXN_00169,134,Headphones,994.2,2,2024-01-08 01:00:00,user169@email.com
TXN_00170,28,Tablet,665.22,4,2024-01-08 02:00:00,
TXN_00171,28,Headphones,562.21,4,2024-01-08 03:00:00,user171@email.com
TXN_00172,108,Headphones,733.34,5,2024-01-08 04:00:00,user172@email.com
TXN_00173,44,Headphones,470.55,4,2024-01-08 05:00:00,user173@email.com
TXN_00174,84,Headphones,69.54,5,2024-01-08 06:00:00,user174@email.com
TXN_00175,30,Mouse,566.67,3,2024-01-08 07:00:00,user175@email.com
TXN_00176,190,Mouse,958.05,2,2024-01-08 08:00:00,user176@email.com
TXN_00177,75,Phone,183.55,4,2024-01-08 09:00:00,user177@email.com
TXN_00178,128,Laptop,693.1,2,2024-01-08 10:00:00,user178@email.com
TXN_00179,92,Headphones,208.92,2,2024-01-08 11:00:00,user179@email.com
TXN_00180,190,Phone,540.47,2,2024-01-08 12:00:00,
TXN_00181,129,Laptop,105.71,3,2024-01-08 13:00:00,user181@email.com
TXN_00182,121,Tablet,455.87,1,2024-01-08 14:00:00,user182@email.com
TXN_00183,27,Mouse,758.6,4,2024-01-08 15:00:00,user183@email.com
TXN_00184,190,Laptop,354.1,1,2024-01-08 16:00:00,user184@email.com
TXN_00185,121,Tablet,668.26,1,2024-01-08 17:00:00,user185@email.com
TXN_00186,116,Laptop,797.5,1,2024-01-08 18:00:00,user186@email.com
TXN_00187,3,Mouse,927.91,2,2024-01-08 19:00:00,user187@email.com
TXN_00188,103,Mouse,242.3,5,2024-01-08 20:00:00,user188@email.com
TXN_00189,198,Phone,405.32,2,2024-01-08 21:00:00,user189@email.com
TXN_00190,200,Headphones,160.89,2,2024-01-08 22:00:00,
TXN_00191,155,Laptop,992.56,1,2024-01-08 23:00:00,user191@email.com
TXN_00192,137,Laptop,927.73,2,2024-01-09 00:00:00,user192@email.com
TXN_00193,62,Tablet,544.56,1,2024-01-09 01:00:00,user193@email.com
TXN_00194,165,Mouse,843.61,5,2024-01-09 02:00:00,user194@email.com
TXN_00195,51,Laptop,525.75,4,2024-01-09 03:00:00,user195@email.com
TXN_00196,172,Mouse,627.35,1,2024-01-09 04:00:00,user196@email.com
TXN_00197,152,Laptop,98.23,5,2024-01-09 05:00:00,user197@email.com
TXN_00198,59,Phone,757.72,4,2024-01-09 06:00:00,user198@email.com
TXN_00199,118,Headphones,136.44,3,2024-01-09 07:00:00,user199@email.com
TXN_00200,160,Laptop,827.81,1,2024-01-09 08:00:00,
TXN_00201,96,Mouse,784.21,1,2024-01-09 09:00:00,user201@email.com
TXN_00202,180,Phone,711.66,3,2024-01-09 10:00:00,user202@email.com
TXN_00203,113,Laptop,45.8,3,2024-01-09 11:00:00,user203@email.com
TXN_00204,62,Tablet,310.1,1,2024-01-09 12:00:00,user204@email.com
TXN_00205,186,Headphones,270.48,3,2024-01-09 13:00:00,user205@email.com
TXN_00206,52,Laptop,366.54,2,2024-01-09 14:00:00,user206@email.com
TXN_00207,12,Phone,96.77,4,2024-01-09 15:00:00,user207@email.com
TXN_00208,39,Tablet,937.59,4,2024-01-09 16:00:00,user208@email.com
TXN_00209,130,Phone,558.26,4,2024-01-09 17:00:00,user209@email.com
TXN_00210,131,Phone,312.47,2,2024-01-09 18:00:00,
TXN_00211,113,Tablet,403.01,3,2024-01-09 19:00:00,user211@email.com
TXN_00212,101,Phone,452.73,5,2024-01-09 20:00:00,user212@email.com
TXN_00213,113,Tablet,604.59,3,2024-01-09 21:00:00,user213@email.com
TXN_00214,184,Laptop,520.52,1,2024-01-09 22:00:00,user214@email.com
TXN_00215,81,Tablet,920.2,4,2024-01-09 23:00:00,user215@email.com
TXN_00216,187,Tablet,501.99,3,2024-01-10 00:00:00,user216@email.com
TXN_00217,113,Headphones,992.24,5,2024-01-10 01:00:00,user217@email.com
TXN_00218,2,Tablet,852.91,1,2024-01-10 02:00:00,user218@email.com
TXN_00219,130,Tablet,216.43,2,2024-01-10 03:00:00,user219@email.com
TXN_00220,54,Laptop,931.29,2,2024-01-10 04:00:00,
TXN_00221,87,Headphones,125.2,5,2024-01-10 05:00:00,user221@email.com
TXN_00222,129,Mouse,819.28,1,2024-01-10 06:00:00,user222@email.com
TXN_00223,147,Laptop,386.82,4,2024-01-10 07:00:00,user223@email.com
TXN_00224,126,Laptop,879.19,3,2024-01-10 08:00:00,user224@email.com
TXN_00225,130,Mouse,869.38,1,2024-01-10 09:00:00,user225@email.com
TXN_00226,53,Tablet,807.87,2,2024-01-10 10:00:00,user226@email.com
TXN_00227,172,Phone,792.13,5,2024-01-10 11:00:00,user227@email.com
TXN_00228,160,Headphones,311.63,5,2024-01-10 12:00:00,user228@email.com
TXN_00229,198,Phone,90.11,3,2024-01-10 13:00:00,user229@email.com
TXN_00230,160,Mouse,408.95,5,2024-01-10 14:00:00,
TXN_00231,68,Laptop,181.79,5,2024-01-10 15:00:00,user231@email.com
TXN_00232,183,Laptop,698.0,1,2024-01-10 16:00:00,user232@email.com
TXN_00233,184,Headphones,352.64,4,2024-01-10 17:00:00,user233@email.com
TXN_00234,123,Laptop,975.85,3,2024-01-10 18:00:00,user234@email.com
TXN_00235,145,Laptop,644.56,1,2024-01-10 19:00:00,user235@email.com
TXN_00236,38,Headphones,824.26,4,2024-01-10 20:00:00,user236@email.com
TXN_00237,24,Headphones,141.2,1,2024-01-10 21:00:00,user237@email.com
TXN_00238,69,Mouse,863.39,1,2024-01-10 22:00:00,user238@email.com
TXN_00239,116,Laptop,923.53,5,2024-01-10 23:00:00,user239@email.com
TXN_00240,98,Laptop,492.19,4,2024-01-11 00:00:00,
TXN_00241,198,Mouse,610.19,3,2024-01-11 01:00:00,user241@email.com
TXN_00242,139,Tablet,767.16,3,2024-01-11 02:00:00,user242@email.com
TXN_00243,144,Tablet,183.09,4,2024-01-11 03:00:00,user243@email.com
TXN_00244,97,Tablet,507.54,5,2024-01-11 04:00:00,user244@email.com
TXN_00245,124,Mouse,404.68,2,2024-01-11 05:00:00,user245@email.com
TXN_00246,187,Laptop,154.91,1,2024-01-11 06:00:00,user246@email.com
TXN_00247,70,Mouse,373.86,5,2024-01-11 07:00:00,user247@email.com
TXN_00248,93,Mouse,77.49,4,2024-01-11 08:00:00,user248@email.com
TXN_00249,3,Tablet,35.55,1,2024-01-11 09:00:00,user249@email.com
TXN_00250,148,Phone,143.81,3,2024-01-11 10:00:00,
TXN_00251,187,Laptop,963.48,2,2024-01-11 11:00:00,user251@email.com
TXN_00252,164,Tablet,554.03,3,2024-01-11 12:00:00,user252@email.com
TXN_00253,147,Phone,966.16,4,2024-01-11 13:00:00,user253@email.com
TXN_00254,90,Phone,438.17,1,2024-01-11 14:00:00,user254@email.com
TXN_00255,195,Headphones,318.7,4,2024-01-11 15:00:00,user255@email.com
TXN_00256,147,Laptop,511.08,1,2024-01-11 16:00:00,user256@email.com
TXN_00257,148,Phone,445.12,5,2024-01-11 17:00:00,user257@email.com
TXN_00258,96,Tablet,114.61,2,2024-01-11 18:00:00,user258@email.com
TXN_00259,199,Headphones,644.42,5,2024-01-11 19:00:00,user259@email.com
TXN_00260,52,Laptop,223.88,5,2024-01-11 20:00:00,
TXN_00261,161,Mouse,623.39,4,2024-01-11 21:00:00,user261@email.com
TXN_00262,168,Tablet,653.7,2,2024-01-11 22:00:00,user262@email.com
TXN_00263,128,Phone,160.5,1,2024-01-11 23:00:00,user263@email.com
TXN_00264,39,Phone,70.74,1,2024-01-12 00:00:00,user264@email.com
TXN_00265,82,Tablet,782.95,3,2024-01-12 01:00:00,user265@email.com
TXN_00266,104,Phone,465.2,1,2024-01-12 02:00:00,user266@email.com
TXN_00267,129,Headphones,67.58,4,2024-01-12 03:00:00,user267@email.com
TXN_00268,11,Laptop,994.92,5,2024-01-12 04:00:00,user268@email.com
TXN_00269,185,Headphones,67.2,5,2024-01-12 05:00:00,user269@email.com
TXN_00270,178,Phone,698.08,5,2024-01-12 06:00:00,
TXN_00271,151,Mouse,983.84,2,2024-01-12 07:00:00,user271@email.com
TXN_00272,159,Laptop,246.79,1,2024-01-12 08:00:00,user272@email.com
TXN_00273,42,Laptop,150.83,4,2024-01-12 09:00:00,user273@email.com
TXN_00274,99,Tablet,130.17,2,2024-01-12 10:00:00,user274@email.com
TXN_00275,7,Tablet,310.24,3,2024-01-12 11:00:00,user275@email.com
TXN_00276,144,Mouse,110.04,4,2024-01-12 12:00:00,user276@email.com
TXN_00277,90,Laptop,695.24,4,2024-01-12 13:00:00,user277@email.com
TXN_00278,112,Mouse,71.67,4,2024-01-12 14:00:00,user278@email.com
TXN_00279,60,Tablet,514.33,5,2024-01-12 15:00:00,user279@email.com
TXN_00280,113,Tablet,996.73,4,2024-01-12 16:00:00,
TXN_00281,2,Laptop,815.83,1,2024-01-12 17:00:00,user281@email.com
TXN_00282,129,Headphones,619.07,4,2024-01-12 18:00:00,user282@email.com
TXN_00283,48,Phone,313.19,5,2024-01-12 19:00:00,user283@email.com
TXN_00284,140,Tablet,627.66,4,2024-01-12 20:00:00,user284@email.com
TXN_00285,197,Tablet,531.77,3,2024-01-12 21:00:00,user285@email.com
TXN_00286,37,Headphones,431.82,3,2024-01-12 22:00:00,user286@email.com
TXN_00287,160,Headphones,139.4,5,2024-01-12 23:00:00,user287@email.com
TXN_00288,9,Mouse,887.74,1,2024-01-13 00:00:00,user288@email.com
TXN_00289,99,Mouse,455.29,1,2024-01-13 01:00:00,user289@email.com
TXN_00290,147,Phone,202.68,2,2024-01-13 02:00:00,
TXN_00291,48,Phone,374.08,5,2024-01-13 03:00:00,user291@email.com
TXN_00292,131,Laptop,419.99,4,2024-01-13 04:00:00,user292@email.com
TXN_00293,148,Mouse,829.26,5,2024-01-13 05:00:00,user293@email.com
TXN_00294,152,Tablet,736.28,2,2024-01-13 06:00:00,user294@email.com
TXN_00295,54,Mouse,771.61,5,2024-01-13 07:00:00,user295@email.com
TXN_00296,120,Tablet,20.92,5,2024-01-13 08:00:00,user296@email.com
TXN_00297,161,Headphones,421.99,2,2024-01-13 09:00:00,user297@email.com
TXN_00298,152,Mouse,486.53,1,2024-01-13 10:00:00,user298@email.com
TXN_00299,116,Headphones,29.0,4,2024-01-13 11:00:00,user299@email.com
TXN_00300,75,Phone,267.22,2,2024-01-13 12:00:00,
TXN_00301,113,Phone,762.69,3,2024-01-13 13:00:00,user301@email.com
TXN_00302,200,Laptop,145.74,1,2024-01-13 14:00:00,user302@email.com
TXN_00303,164,Mouse,539.96,3,2024-01-13 15:00:00,user303@email.com
TXN_00304,166,Headphones,223.05,1,2024-01-13 16:00:00,user304@email.com
TXN_00305,104,Tablet,22.0,4,2024-01-13 17:00:00,user305@email.com
TXN_00306,84,Phone,248.79,4,2024-01-13 18:00:00,user306@email.com
TXN_00307,112,Phone,976.12,5,2024-01-13 19:00:00,user307@email.com
TXN_00308,99,Tablet,803.52,3,2024-01-13 20:00:00,user308@email.com
TXN_00309,153,Headphones,959.98,1,2024-01-13 21:00:00,user309@email.com
TXN_00310,93,Headphones,492.98,4,2024-01-13 22:00:00,
TXN_00311,146,Mouse,118.64,2,2024-01-13 23:00:00,user311@email.com
TXN_00312,128,Mouse,552.48,4,2024-01-14 00:00:00,user312@email.com
TXN_00313,110,Laptop,459.83,2,2024-01-14 01:00:00,user313@email.com
TXN_00314,82,Phone,845.91,1,2024-01-14 02:00:00,user314@email.com
TXN_00315,194,Mouse,107.1,4,2024-01-14 03:00:00,user315@email.com
TXN_00316,54,Headphones,493.36,4,2024-01-14 04:00:00,user316@email.com
TXN_00317,163,Tablet,158.55,1,2024-01-14 05:00:00,user317@email.com
TXN_00318,189,Headphones,331.43,4,2024-01-14 06:00:00,user318@email.com
TXN_00319,169,Phone,739.98,2,2024-01-14 07:00:00,user319@email.com
TXN_00320,161,Headphones,481.26,4,2024-01-14 08:00:00,
TXN_00321,68,Laptop,382.13,3,2024-01-14 09:00:00,user321@email.com
TXN_00322,33,Phone,400.53,5,2024-01-14 10:00:00,user322@email.com
TXN_00323,142,Tablet,464.85,2,2024-01-14 11:00:00,user323@email.com
TXN_00324,21,Laptop,787.17,3,2024-01-14 12:00:00,user324@email.com
TXN_00325,48,Phone,893.16,1,2024-01-14 13:00:00,user325@email.com
TXN_00326,148,Tablet,955.78,2,2024-01-14 14:00:00,user326@email.com
TXN_00327,128,Laptop,789.03,5,2024-01-14 15:00:00,user327@email.com
TXN_00328,136,Laptop,322.25,5,2024-01-14 16:00:00,user328@email.com
TXN_00329,135,Phone,691.25,1,2024-01-14 17:00:00,user329@email.com
TXN_00330,195,Mouse,443.23,1,2024-01-14 18:00:00,
TXN_00331,145,Laptop,262.12,2,2024-01-14 19:00:00,user331@email.com
TXN_00332,128,Laptop,842.46,4,2024-01-14 20:00:00,user332@email.com
TXN_00333,33,Tablet,48.04,1,2024-01-14 21:00:00,user333@email.com
TXN_00334,176,Headphones,902.74,4,2024-01-14 22:00:00,user334@email.com
TXN_00335,187,Phone,466.86,3,2024-01-14 23:00:00,user335@email.com
TXN_00336,115,Phone,640.83,5,2024-01-15 00:00:00,user336@email.com
TXN_00337,119,Mouse,662.76,4,2024-01-15 01:00:00,user337@email.com
TXN_00338,22,Mouse,896.17,5,2024-01-15 02:00:00,user338@email.com
TXN_00339,158,Phone,640.3,4,2024-01-15 03:00:00,user339@email.com
TXN_00340,38,Mouse,617.79,3,2024-01-15 04:00:00,
TXN_00341,109,Tablet,75.99,1,2024-01-15 05:00:00,user341@email.com
TXN_00342,51,Phone,523.22,3,2024-01-15 06:00:00,user342@email.com
TXN_00343,182,Mouse,158.67,1,2024-01-15 07:00:00,user343@email.com
TXN_00344,8,Phone,740.06,1,2024-01-15 08:00:00,user344@email.com
TXN_00345,27,Headphones,517.1,5,2024-01-15 09:00:00,user345@email.com
TXN_00346,27,Laptop,683.43,3,2024-01-15 10:00:00,user346@email.com
TXN_00347,21,Phone,51.26,4,2024-01-15 11:00:00,user347@email.com
TXN_00348,30,Laptop,93.94,3,2024-01-15 12:00:00,user348@email.com
TXN_00349,97,Mouse,719.16,5,2024-01-15 13:00:00,user349@email.com
TXN_00350,28,Laptop,81.36,1,2024-01-15 14:00:00,
TXN_00351,111,Phone,80.54,5,2024-01-15 15:00:00,user351@email.com
TXN_00352,192,Headphones,21.99,2,2024-01-15 16:00:00,user352@email.com
TXN_00353,197,Mouse,956.94,2,2024-01-15 17:00:00,user353@email.com
TXN_00354,61,Phone,740.13,4,2024-01-15 18:00:00,user354@email.com
TXN_00355,48,Mouse,359.72,5,2024-01-15 19:00:00,user355@email.com
TXN_00356,147,Tablet,303.57,4,2024-01-15 20:00:00,user356@email.com
TXN_00357,4,Laptop,356.21,4,2024-01-15 21:00:00,user357@email.com
TXN_00358,35,Tablet,776.91,2,2024-01-15 22:00:00,user358@email.com
TXN_00359,192,Phone,664.76,4,2024-01-15 23:00:00,user359@email.com
TXN_00360,49,Headphones,193.34,2,2024-01-16 00:00:00,
TXN_00361,17,Mouse,182.37,1,2024-01-16 01:00:00,user361@email.com
TXN_00362,172,Laptop,107.41,5,2024-01-16 02:00:00,user362@email.com
TXN_00363,158,Mouse,663.7,4,2024-01-16 03:00:00,user363@email.com
TXN_00364,46,Phone,766.73,2,2024-01-16 04:00:00,user364@email.com
TXN_00365,117,Mouse,272.4,3,2024-01-16 05:00:00,user365@email.com
TXN_00366,6,Laptop,30.74,4,2024-01-16 06:00:00,user366@email.com
TXN_00367,99,Phone,91.35,1,2024-01-16 07:00:00,user367@email.com
TXN_00368,124,Mouse,968.18,1,2024-01-16 08:00:00,user368@email.com
TXN_00369,37,Headphones,302.49,3,2024-01-16 09:00:00,user369@email.com
TXN_00370,24,Phone,771.53,2,2024-01-16 10:00:00,
TXN_00371,93,Phone,628.42,4,2024-01-16 11:00:00,user371@email.com
TXN_00372,46,Headphones,388.12,2,2024-01-16 12:00:00,user372@email.com
TXN_00373,181,Tablet,213.63,1,2024-01-16 13:00:00,user373@email.com
TXN_00374,95,Laptop,130.17,2,2024-01-16 14:00:00,user374@email.com
TXN_00375,99,Tablet,618.86,1,2024-01-16 15:00:00,user375@email.com
TXN_00376,188,Mouse,776.89,2,2024-01-16 16:00:00,user376@email.com
TXN_00377,116,Headphones,647.47,3,2024-01-16 17:00:00,user377@email.com
TXN_00378,191,Tablet,535.0,5,2024-01-16 18:00:00,user378@email.com
TXN_00379,160,Phone,51.53,3,2024-01-16 19:00:00,user379@email.com
TXN_00380,161,Mouse,968.8,3,2024-01-16 20:00:00,
TXN_00381,67,Mouse,800.73,5,2024-01-16 21:00:00,user381@email.com
TXN_00382,128,Tablet,299.89,5,2024-01-16 22:00:00,user382@email.com
TXN_00383,18,Tablet,980.17,4,2024-01-16 23:00:00,user383@email.com
TXN_00384,25,Headphones,605.86,4,2024-01-17 00:00:00,user384@email.com
TXN_00385,54,Laptop,586.6,3,2024-01-17 01:00:00,user385@email.com
TXN_00386,58,Tablet,750.59,3,2024-01-17 02:00:00,user386@email.com
TXN_00387,67,Tablet,813.65,1,2024-01-17 03:00:00,user387@email.com
TXN_00388,104,Phone,659.91,1,2024-01-17 04:00:00,user388@email.com
TXN_00389,174,Mouse,136.81,4,2024-01-17 05:00:00,user389@email.com
TXN_00390,24,Laptop,344.88,4,2024-01-17 06:00:00,
TXN_00391,114,Phone,928.8,1,2024-01-17 07:00:00,user391@email.com
TXN_00392,32,Headphones,232.37,1,2024-01-17 08:00:00,user392@email.com
TXN_00393,175,Headphones,378.45,2,2024-01-17 09:00:00,user393@email.com
TXN_00394,86,Tablet,437.76,2,2024-01-17 10:00:00,user394@email.com
TXN_00395,151,Tablet,445.01,1,2024-01-17 11:00:00,user395@email.com
TXN_00396,194,Headphones,616.81,2,2024-01-17 12:00:00,user396@email.com
TXN_00397,127,Tablet,943.65,5,2024-01-17 13:00:00,user397@email.com
TXN_00398,155,Laptop,248.29,4,2024-01-17 14:00:00,user398@email.com
TXN_00399,130,Tablet,130.29,4,2024-01-17 15:00:00,user399@email.com
TXN_00400,17,Mouse,205.5,1,2024-01-17 16:00:00,
TXN_00401,104,Tablet,888.06,3,2024-01-17 17:00:00,user401@email.com
TXN_00402,161,Phone,649.35,1,2024-01-17 18:00:00,user402@email.com
TXN_00403,137,Laptop,293.05,2,2024-01-17 19:00:00,user403@email.com
TXN_00404,43,Phone,817.79,3,2024-01-17 20:00:00,user404@email.com
TXN_00405,176,Phone,862.76,2,2024-01-17 21:00:00,user405@email.com
TXN_00406,39,Mouse,848.05,5,2024-01-17 22:00:00,user406@email.com
TXN_00407,170,Laptop,919.74,2,2024-01-17 23:00:00,user407@email.com
TXN_00408,26,Laptop,259.72,5,2024-01-18 00:00:00,user408@email.com
TXN_00409,99,Laptop,757.49,5,2024-01-18 01:00:00,user409@email.com
TXN_00410,50,Laptop,465.93,2,2024-01-18 02:00:00,
TXN_00411,153,Laptop,843.58,2,2024-01-18 03:00:00,user411@email.com
TXN_00412,152,Mouse,731.21,5,2024-01-18 04:00:00,user412@email.com
TXN_00413,13,Tablet,778.68,3,2024-01-18 05:00:00,user413@email.com
TXN_00414,60,Phone,659.6,5,2024-01-18 06:00:00,user414@email.com
TXN_00415,135,Laptop,185.65,4,2024-01-18 07:00:00,user415@email.com
TXN_00416,57,Tablet,549.58,5,2024-01-18 08:00:00,user416@email.com
TXN_00417,36,Tablet,984.82,3,2024-01-18 09:00:00,user417@email.com
TXN_00418,173,Phone,938.01,4,2024-01-18 10:00:00,user418@email.com
TXN_00419,20,Mouse,52.74,1,2024-01-18 11:00:00,user419@email.com
TXN_00420,65,Headphones,173.17,1,2024-01-18 12:00:00,
TXN_00421,8,Headphones,140.41,3,2024-01-18 13:00:00,user421@email.com
TXN_00422,144,Tablet,728.72,5,2024-01-18 14:00:00,user422@email.com
TXN_00423,142,Phone,819.61,2,2024-01-18 15:00:00,user423@email.com
TXN_00424,115,Headphones,221.38,3,2024-01-18 16:00:00,user424@email.com
TXN_00425,143,Tablet,510.79,4,2024-01-18 17:00:00,user425@email.com
TXN_00426,92,Mouse,842.3,4,2024-01-18 18:00:00,user426@email.com
TXN_00427,98,Headphones,735.47,1,2024-01-18 19:00:00,user427@email.com
TXN_00428,66,Tablet,546.81,4,2024-01-18 20:00:00,user428@email.com
TXN_00429,32,Tablet,594.44,3,2024-01-18 21:00:00,user429@email.com
TXN_00430,191,Laptop,513.28,4,2024-01-18 22:00:00,
TXN_00431,86,Mouse,304.57,3,2024-01-18 23:00:00,user431@email.com
TXN_00432,51,Laptop,569.37,2,2024-01-19 00:00:00,user432@email.com
TXN_00433,153,Phone,692.0,1,2024-01-19 01:00:00,user433@email.com
TXN_00434,186,Laptop,874.59,4,2024-01-19 02:00:00,user434@email.com
TXN_00435,63,Laptop,639.93,3,2024-01-19 03:00:00,user435@email.com
TXN_00436,190,Headphones,763.51,5,2024-01-19 04:00:00,user436@email.com
TXN_00437,125,Tablet,168.47,1,2024-01-19 05:00:00,user437@email.com
TXN_00438,150,Mouse,466.94,2,2024-01-19 06:00:00,user438@email.com
TXN_00439,58,Laptop,19.24,3,2024-01-19 07:00:00,user439@email.com
TXN_00440,58,Mouse,254.21,2,2024-01-19 08:00:00,
TXN_00441,86,Laptop,729.2,2,2024-01-19 09:00:00,user441@email.com
TXN_00442,49,Phone,991.89,4,2024-01-19 10:00:00,user442@email.com
TXN_00443,180,Laptop,108.19,4,2024-01-19 11:00:00,user443@email.com
TXN_00444,170,Headphones,407.48,3,2024-01-19 12:00:00,user444@email.com
TXN_00445,70,Tablet,802.07,5,2024-01-19 13:00:00,user445@email.com
TXN_00446,15,Phone,212.0,3,2024-01-19 14:00:00,user446@email.com
TXN_00447,54,Laptop,559.53,5,2024-01-19 15:00:00,user447@email.com
TXN_00448,188,Mouse,735.74,2,2024-01-19 16:00:00,user448@email.com
TXN_00449,101,Phone,619.83,1,2024-01-19 17:00:00,user449@email.com
TXN_00450,8,Phone,196.14,3,2024-01-19 18:00:00,
TXN_00451,53,Laptop,361.83,3,2024-01-19 19:00:00,user451@email.com
TXN_00452,60,Phone,785.95,5,2024-01-19 20:00:00,user452@email.com
TXN_00453,108,Mouse,558.68,2,2024-01-19 21:00:00,user453@email.com
TXN_00454,5,Phone,15.18,2,2024-01-19 22:00:00,user454@email.com
TXN_00455,103,Mouse,763.38,5,2024-01-19 23:00:00,user455@email.com
TXN_00456,196,Laptop,44.96,2,2024-01-20 00:00:00,user456@email.com
TXN_00457,6,Tablet,748.28,4,2024-01-20 01:00:00,user457@email.com
TXN_00458,109,Phone,210.46,1,2024-01-20 02:00:00,user458@email.com
TXN_00459,116,Tablet,958.49,3,2024-01-20 03:00:00,user459@email.com
TXN_00460,94,Mouse,374.26,1,2024-01-20 04:00:00,
TXN_00461,47,Phone,333.66,3,2024-01-20 05:00:00,user461@email.com
TXN_00462,99,Headphones,157.4,4,2024-01-20 06:00:00,user462@email.com
TXN_00463,55,Tablet,312.55,2,2024-01-20 07:00:00,user463@email.com
TXN_00464,168,Phone,877.88,5,2024-01-20 08:00:00,user464@email.com
TXN_00465,52,Tablet,996.37,4,2024-01-20 09:00:00,user465@email.com
TXN_00466,144,Phone,374.63,1,2024-01-20 10:00:00,user466@email.com
TXN_00467,13,Laptop,454.12,5,2024-01-20 11:00:00,user467@email.com
TXN_00468,114,Tablet,724.85,2,2024-01-20 12:00:00,user468@email.com
TXN_00469,124,Headphones,887.33,4,2024-01-20 13:00:00,user469@email.com
TXN_00470,106,Headphones,597.11,5,2024-01-20 14:00:00,
TXN_00471,158,Mouse,397.61,4,2024-01-20 15:00:00,user471@email.com
TXN_00472,147,Phone,418.5,4,2024-01-20 16:00:00,user472@email.com
TXN_00473,145,Tablet,698.66,2,2024-01-20 17:00:00,user473@email.com
TXN_00474,120,Mouse,13.19,3,2024-01-20 18:00:00,user474@email.com
TXN_00475,63,Tablet,623.39,5,2024-01-20 19:00:00,user475@email.com
TXN_00476,19,Phone,361.94,2,2024-01-20 20:00:00,user476@email.com
TXN_00477,92,Headphones,796.26,4,2024-01-20 21:00:00,user477@email.com
TXN_00478,58,Laptop,102.06,2,2024-01-20 22:00:00,user478@email.com
TXN_00479,183,Headphones,592.32,3,2024-01-20 23:00:00,user479@email.com
TXN_00480,90,Mouse,486.16,5,2024-01-21 00:00:00,
TXN_00481,117,Laptop,645.9,3,2024-01-21 01:00:00,user481@email.com
TXN_00482,62,Mouse,74.21,1,2024-01-21 02:00:00,user482@email.com
TXN_00483,23,Phone,584.18,5,2024-01-21 03:00:00,user483@email.com
TXN_00484,127,Laptop,565.87,3,2024-01-21 04:00:00,user484@email.com
TXN_00485,137,Mouse,565.05,4,2024-01-21 05:00:00,user485@email.com
TXN_00486,140,Phone,607.45,5,2024-01-21 06:00:00,user486@email.com
TXN_00487,129,Headphones,679.7,5,2024-01-21 07:00:00,user487@email.com
TXN_00488,58,Phone,806.94,2,2024-01-21 08:00:00,user488@email.com
TXN_00489,122,Tablet,277.12,4,2024-01-21 09:00:00,user489@email.com
TXN_00490,1,Phone,826.8,1,2024-01-21 10:00:00,
TXN_00491,34,Phone,503.27,3,2024-01-21 11:00:00,user491@email.com
TXN_00492,96,Tablet,86.29,2,2024-01-21 12:00:00,user492@email.com
TXN_00493,126,Mouse,67.97,3,2024-01-21 13:00:00,user493@email.com
TXN_00494,118,Mouse,340.9,1,2024-01-21 14:00:00,user494@email.com
TXN_00495,48,Phone,787.05,1,2024-01-21 15:00:00,user495@email.com
TXN_00496,89,Tablet,710.6,5,2024-01-21 16:00:00,user496@email.com
TXN_00497,117,Tablet,790.73,1,2024-01-21 17:00:00,user497@email.com
TXN_00498,129,Headphones,522.1,3,2024-01-21 18:00:00,user498@email.com
TXN_00499,16,Mouse,445.8,4,2024-01-21 19:00:00,user499@email.com
TXN_00500,189,Laptop,155.98,4,2024-01-21 20:00:00,
TXN_00501,192,Mouse,334.91,5,2024-01-21 21:00:00,user501@email.com
TXN_00502,191,Mouse,439.68,3,2024-01-21 22:00:00,user502@email.com
TXN_00503,69,Headphones,97.71,3,2024-01-21 23:00:00,user503@email.com
TXN_00504,22,Laptop,228.41,1,2024-01-22 00:00:00,user504@email.com
TXN_00505,93,Headphones,602.24,3,2024-01-22 01:00:00,user505@email.com
TXN_00506,195,Laptop,738.31,2,2024-01-22 02:00:00,user506@email.com
TXN_00507,76,Phone,998.36,1,2024-01-22 03:00:00,user507@email.com
TXN_00508,154,Laptop,933.78,2,2024-01-22 04:00:00,user508@email.com
TXN_00509,144,Headphones,646.14,5,2024-01-22 05:00:00,user509@email.com
TXN_00510,179,Mouse,427.04,4,2024-01-22 06:00:00,
TXN_00511,86,Laptop,639.82,5,2024-01-22 07:00:00,user511@email.com
TXN_00512,185,Laptop,787.8,4,2024-01-22 08:00:00,user512@email.com
TXN_00513,29,Tablet,127.15,5,2024-01-22 09:00:00,user513@email.com
TXN_00514,69,Mouse,415.81,3,2024-01-22 10:00:00,user514@email.com
TXN_00515,47,Phone,841.4,2,2024-01-22 11:00:00,user515@email.com
TXN_00516,94,Headphones,389.99,4,2024-01-22 12:00:00,user516@email.com
TXN_00517,190,Phone,576.15,1,2024-01-22 13:00:00,user517@email.com
TXN_00518,197,Mouse,591.89,2,2024-01-22 14:00:00,user518@email.com
TXN_00519,144,Laptop,192.63,1,2024-01-22 15:00:00,user519@email.com
TXN_00520,176,Laptop,368.61,2,2024-01-22 16:00:00,
TXN_00521,85,Mouse,341.17,2,2024-01-22 17:00:00,user521@email.com
TXN_00522,39,Laptop,35.93,5,2024-01-22 18:00:00,user522@email.com
TXN_00523,100,Laptop,33.95,4,2024-01-22 19:00:00,user523@email.com
TXN_00524,33,Laptop,833.38,4,2024-01-22 20:00:00,user524@email.com
TXN_00525,101,Headphones,280.34,2,2024-01-22 21:00:00,user525@email.com
TXN_00526,23,Headphones,522.9,3,2024-01-22 22:00:00,user526@email.com
TXN_00527,10,Tablet,305.74,3,2024-01-22 23:00:00,user527@email.com
TXN_00528,69,Phone,941.27,1,2024-01-23 00:00:00,user528@email.com
TXN_00529,100,Mouse,266.7,1,2024-01-23 01:00:00,user529@email.com
TXN_00530,34,Mouse,435.36,5,2024-01-23 02:00:00,
TXN_00531,180,Mouse,874.0,2,2024-01-23 03:00:00,user531@email.com
TXN_00532,138,Tablet,843.51,1,2024-01-23 04:00:00,user532@email.com
TXN_00533,147,Headphones,194.24,1,2024-01-23 05:00:00,user533@email.com
TXN_00534,186,Tablet,804.62,2,2024-01-23 06:00:00,user534@email.com
TXN_00535,96,Mouse,463.61,5,2024-01-23 07:00:00,user535@email.com
TXN_00536,1,Phone,488.14,1,2024-01-23 08:00:00,user536@email.com
TXN_00537,69,Laptop,142.15,5,2024-01-23 09:00:00,user537@email.com
TXN_00538,4,Headphones,89.8,4,2024-01-23 10:00:00,user538@email.com
TXN_00539,16,Headphones,730.66,5,2024-01-23 11:00:00,user539@email.com
TXN_00540,24,Tablet,501.5,3,2024-01-23 12:00:00,
TXN_00541,80,Headphones,442.48,3,2024-01-23 13:00:00,user541@email.com
TXN_00542,2,Mouse,732.21,5,2024-01-23 14:00:00,user542@email.com
TXN_00543,128,Mouse,767.86,3,2024-01-23 15:00:00,user543@email.com
TXN_00544,160,Tablet,167.32,4,2024-01-23 16:00:00,user544@email.com
TXN_00545,84,Mouse,614.12,2,2024-01-23 17:00:00,user545@email.com
TXN_00546,152,Phone,144.0,3,2024-01-23 18:00:00,user546@email.com
TXN_00547,140,Tablet,753.86,3,2024-01-23 19:00:00,user547@email.com
TXN_00548,178,Phone,660.39,5,2024-01-23 20:00:00,user548@email.com
TXN_00549,163,Laptop,957.05,4,2024-01-23 21:00:00,user549@email.com
TXN_00550,124,Phone,78.27,2,2024-01-23 22:00:00,
TXN_00551,33,Laptop,66.48,5,2024-01-23 23:00:00,user551@email.com
TXN_00552,161,Laptop,289.37,5,2024-01-24 00:00:00,user552@email.com
TXN_00553,189,Phone,269.09,4,2024-01-24 01:00:00,user553@email.com
TXN_00554,179,Tablet,254.51,2,2024-01-24 02:00:00,user554@email.com
TXN_00555,171,Mouse,907.19,4,2024-01-24 03:00:00,user555@email.com
TXN_00556,101,Mouse,257.05,2,2024-01-24 04:00:00,user556@email.com
TXN_00557,12,Laptop,279.23,4,2024-01-24 05:00:00,user557@email.com
TXN_00558,67,Laptop,761.8,5,2024-01-24 06:00:00,user558@email.com
TXN_00559,65,Tablet,455.24,5,2024-01-24 07:00:00,user559@email.com
TXN_00560,161,Headphones,778.94,1,2024-01-24 08:00:00,
TXN_00561,168,Phone,74.71,3,2024-01-24 09:00:00,user561@email.com
TXN_00562,74,Laptop,492.7,4,2024-01-24 10:00:00,user562@email.com
TXN_00563,43,Mouse,43.28,1,2024-01-24 11:00:00,user563@email.com
TXN_00564,44,Tablet,72.03,3,2024-01-24 12:00:00,user564@email.com
TXN_00565,29,Phone,907.37,4,2024-01-24 13:00:00,user565@email.com
TXN_00566,141,Tablet,147.85,2,2024-01-24 14:00:00,user566@email.com
TXN_00567,12,Phone,537.1,3,2024-01-24 15:00:00,user567@email.com
TXN_00568,95,Phone,416.98,5,2024-01-24 16:00:00,user568@email.com
TXN_00569,46,Laptop,353.87,1,2024-01-24 17:00:00,user569@email.com
TXN_00570,130,Tablet,900.84,3,2024-01-24 18:00:00,
TXN_00571,35,Tablet,31.61,3,2024-01-24 19:00:00,user571@email.com
TXN_00572,81,Mouse,667.15,5,2024-01-24 20:00:00,user572@email.com
TXN_00573,90,Mouse,963.76,4,2024-01-24 21:00:00,user573@email.com
TXN_00574,8,Laptop,564.57,2,2024-01-24 22:00:00,user574@email.com
TXN_00575,93,Laptop,937.45,5,2024-01-24 23:00:00,user575@email.com
TXN_00576,154,Headphones,61.74,2,2024-01-25 00:00:00,user576@email.com
TXN_00577,90,Mouse,424.61,4,2024-01-25 01:00:00,user577@email.com
TXN_00578,162,Phone,267.56,3,2024-01-25 02:00:00,user578@email.com
TXN_00579,115,Tablet,733.51,2,2024-01-25 03:00:00,user579@email.com
TXN_00580,105,Laptop,981.48,1,2024-01-25 04:00:00,
TXN_00581,135,Tablet,263.96,1,2024-01-25 05:00:00,user581@email.com
TXN_00582,196,Tablet,657.63,5,2024-01-25 06:00:00,user582@email.com
TXN_00583,58,Headphones,206.12,4,2024-01-25 07:00:00,user583@email.com
TXN_00584,114,Mouse,569.68,5,2024-01-25 08:00:00,user584@email.com
TXN_00585,75,Laptop,469.29,5,2024-01-25 09:00:00,user585@email.com
TXN_00586,157,Tablet,972.29,5,2024-01-25 10:00:00,user586@email.com
TXN_00587,120,Laptop,612.44,1,2024-01-25 11:00:00,user587@email.com
TXN_00588,164,Phone,356.01,1,2024-01-25 12:00:00,user588@email.com
TXN_00589,21,Headphones,122.95,5,2024-01-25 13:00:00,user589@email.com
TXN_00590,164,Phone,159.73,1,2024-01-25 14:00:00,
TXN_00591,138,Laptop,233.06,4,2024-01-25 15:00:00,user591@email.com
TXN_00592,101,Laptop,258.46,5,2024-01-25 16:00:00,user592@email.com
TXN_00593,152,Mouse,852.11,1,2024-01-25 17:00:00,user593@email.com
TXN_00594,192,Tablet,565.61,2,2024-01-25 18:00:00,user594@email.com
TXN_00595,177,Tablet,528.16,5,2024-01-25 19:00:00,user595@email.com
TXN_00596,99,Phone,123.62,5,2024-01-25 20:00:00,user596@email.com
TXN_00597,36,Headphones,861.54,4,2024-01-25 21:00:00,user597@email.com
TXN_00598,96,Tablet,725.59,3,2024-01-25 22:00:00,user598@email.com
TXN_00599,152,Mouse,76.99,3,2024-01-25 23:00:00,user599@email.com
TXN_00600,151,Phone,710.76,4,2024-01-26 00:00:00,
TXN_00601,190,Phone,548.1,4,2024-01-26 01:00:00,user601@email.com
TXN_00602,37,Mouse,90.91,4,2024-01-26 02:00:00,user602@email.com
TXN_00603,12,Headphones,463.72,3,2024-01-26 03:00:00,user603@email.com
TXN_00604,113,Mouse,489.85,4,2024-01-26 04:00:00,user604@email.com
TXN_00605,183,Headphones,174.12,1,2024-01-26 05:00:00,user605@email.com
TXN_00606,13,Mouse,946.24,5,2024-01-26 06:00:00,user606@email.com
TXN_00607,23,Mouse,851.48,5,2024-01-26 07:00:00,user607@email.com
TXN_00608,99,Laptop,672.33,2,2024-01-26 08:00:00,user608@email.com
TXN_00609,105,Phone,467.67,2,2024-01-26 09:00:00,user609@email.com
TXN_00610,30,Mouse,417.65,5,2024-01-26 10:00:00,
TXN_00611,17,Mouse,654.46,1,2024-01-26 11:00:00,user611@email.com
TXN_00612,113,Tablet,549.98,3,2024-01-26 12:00:00,user612@email.com
TXN_00613,62,Phone,71.65,3,2024-01-26 13:00:00,user613@email.com
TXN_00614,84,Tablet,517.38,1,2024-01-26 14:00:00,user614@email.com
TXN_00615,112,Phone,808.34,3,2024-01-26 15:00:00,user615@email.com
TXN_00616,86,Tablet,464.65,4,2024-01-26 16:00:00,user616@email.com
TXN_00617,141,Mouse,61.44,5,2024-01-26 17:00:00,user617@email.com
TXN_00618,187,Mouse,788.42,5,2024-01-26 18:00:00,user618@email.com
TXN_00619,19,Laptop,209.35,1,2024-01-26 19:00:00,user619@email.com
TXN_00620,177,Tablet,266.03,3,2024-01-26 20:00:00,
TXN_00621,100,Headphones,173.06,2,2024-01-26 21:00:00,user621@email.com
TXN_00622,140,Laptop,336.91,2,2024-01-26 22:00:00,user622@email.com
TXN_00623,189,Tablet,759.18,3,2024-01-26 23:00:00,user623@email.com
TXN_00624,147,Tablet,524.19,2,2024-01-27 00:00:00,user624@email.com
TXN_00625,76,Laptop,212.83,1,2024-01-27 01:00:00,user625@email.com
TXN_00626,9,Mouse,879.05,1,2024-01-27 02:00:00,user626@email.com
TXN_00627,199,Tablet,880.79,3,2024-01-27 03:00:00,user627@email.com
TXN_00628,28,Mouse,871.87,2,2024-01-27 04:00:00,user628@email.com
TXN_00629,128,Laptop,246.41,1,2024-01-27 05:00:00,user629@email.com
TXN_00630,52,Mouse,456.73,1,2024-01-27 06:00:00,
TXN_00631,83,Phone,985.14,4,2024-01-27 07:00:00,user631@email.com
TXN_00632,111,Headphones,774.29,4,2024-01-27 08:00:00,user632@email.com
TXN_00633,144,Tablet,36.9,1,2024-01-27 09:00:00,user633@email.com
TXN_00634,117,Headphones,74.55,3,2024-01-27 10:00:00,user634@email.com
TXN_00635,69,Mouse,469.29,5,2024-01-27 11:00:00,user635@email.com
TXN_00636,99,Tablet,910.13,5,2024-01-27 12:00:00,user636@email.com
TXN_00637,140,Mouse,543.31,1,2024-01-27 13:00:00,user637@email.com
TXN_00638,25,Phone,502.83,1,2024-01-27 14:00:00,user638@email.com
TXN_00639,180,Laptop,114.42,1,2024-01-27 15:00:00,user639@email.com
TXN_00640,123,Tablet,660.21,3,2024-01-27 16:00:00,
TXN_00641,53,Phone,823.88,4,2024-01-27 17:00:00,user641@email.com
TXN_00642,151,Phone,386.62,1,2024-01-27 18:00:00,user642@email.com
TXN_00643,144,Tablet,777.86,1,2024-01-27 19:00:00,user643@email.com
TXN_00644,57,Mouse,964.83,2,2024-01-27 20:00:00,user644@email.com
TXN_00645,39,Phone,211.73,3,2024-01-27 21:00:00,user645@email.com
TXN_00646,109,Headphones,528.1,1,2024-01-27 22:00:00,user646@email.com
TXN_00647,181,Phone,294.27,2,2024-01-27 23:00:00,user647@email.com
TXN_00648,42,Mouse,794.93,5,2024-01-28 00:00:00,user648@email.com
TXN_00649,186,Mouse,581.82,1,2024-01-28 01:00:00,user649@email.com
TXN_00650,167,Headphones,638.24,1,2024-01-28 02:00:00,
TXN_00651,142,Phone,799.94,2,2024-01-28 03:00:00,user651@email.com
TXN_00652,122,Mouse,402.01,3,2024-01-28 04:00:00,user652@email.com
TXN_00653,133,Tablet,915.94,1,2024-01-28 05:00:00,user653@email.com
TXN_00654,163,Laptop,537.7,5,2024-01-28 06:00:00,user654@email.com
TXN_00655,75,Laptop,166.38,1,2024-01-28 07:00:00,user655@email.com
TXN_00656,146,Laptop,698.94,5,2024-01-28 08:00:00,user656@email.com
TXN_00657,76,Phone,795.33,4,2024-01-28 09:00:00,user657@email.com
TXN_00658,9,Headphones,323.59,4,2024-01-28 10:00:00,user658@email.com
TXN_00659,74,Mouse,858.61,5,2024-01-28 11:00:00,user659@email.com
TXN_00660,186,Tablet,907.08,3,2024-01-28 12:00:00,
TXN_00661,145,Tablet,284.14,1,2024-01-28 13:00:00,user661@email.com
TXN_00662,7,Phone,983.69,1,2024-01-28 14:00:00,user662@email.com
TXN_00663,174,Laptop,149.3,4,2024-01-28 15:00:00,user663@email.com
TXN_00664,141,Phone,210.0,5,2024-01-28 16:00:00,user664@email.com
TXN_00665,168,Headphones,192.38,1,2024-01-28 17:00:00,user665@email.com
TXN_00666,170,Headphones,895.05,1,2024-01-28 18:00:00,user666@email.com
TXN_00667,137,Mouse,657.75,3,2024-01-28 19:00:00,user667@email.com
TXN_00668,178,Mouse,160.58,2,2024-01-28 20:00:00,user668@email.com
TXN_00669,27,Headphones,445.92,4,2024-01-28 21:00:00,user669@email.com
TXN_00670,122,Headphones,619.15,4,2024-01-28 22:00:00,
TXN_00671,194,Headphones,92.63,2,2024-01-28 23:00:00,user671@email.com
TXN_00672,5,Phone,883.59,1,2024-01-29 00:00:00,user672@email.com
TXN_00673,29,Headphones,805.57,3,2024-01-29 01:00:00,user673@email.com
TXN_00674,165,Tablet,510.15,3,2024-01-29 02:00:00,user674@email.com
TXN_00675,166,Laptop,967.46,4,2024-01-29 03:00:00,user675@email.com
TXN_00676,83,Headphones,423.58,3,2024-01-29 04:00:00,user676@email.com
TXN_00677,136,Laptop,984.27,2,2024-01-29 05:00:00,user677@email.com
TXN_00678,109,Phone,671.24,1,2024-01-29 06:00:00,user678@email.com
TXN_00679,65,Laptop,638.32,2,2024-01-29 07:00:00,user679@email.com
TXN_00680,86,Phone,174.3,5,2024-01-29 08:00:00,
TXN_00681,145,Tablet,883.11,4,2024-01-29 09:00:00,user681@email.com
TXN_00682,71,Phone,433.21,3,2024-01-29 10:00:00,user682@email.com
TXN_00683,45,Phone,170.61,5,2024-01-29 11:00:00,user683@email.com
TXN_00684,132,Mouse,22.48,3,2024-01-29 12:00:00,user684@email.com
TXN_00685,36,Headphones,564.16,1,2024-01-29 13:00:00,user685@email.com
TXN_00686,70,Headphones,532.13,1,2024-01-29 14:00:00,user686@email.com
TXN_00687,159,Tablet,722.16,1,2024-01-29 15:00:00,user687@email.com
TXN_00688,19,Tablet,891.36,3,2024-01-29 16:00:00,user688@email.com
TXN_00689,189,Headphones,88.61,5,2024-01-29 17:00:00,user689@email.com
TXN_00690,108,Mouse,734.18,1,2024-01-29 18:00:00,
TXN_00691,182,Headphones,195.54,5,2024-01-29 19:00:00,user691@email.com
TXN_00692,167,Mouse,859.6,3,2024-01-29 20:00:00,user692@email.com
TXN_00693,91,Tablet,820.87,5,2024-01-29 21:00:00,user693@email.com
TXN_00694,90,Laptop,545.39,3,2024-01-29 22:00:00,user694@email.com
TXN_00695,19,Tablet,713.14,3,2024-01-29 23:00:00,user695@email.com
TXN_00696,39,Tablet,321.21,4,2024-01-30 00:00:00,user696@email.com
TXN_00697,126,Phone,476.46,3,2024-01-30 01:00:00,user697@email.com
TXN_00698,195,Phone,823.42,3,2024-01-30 02:00:00,user698@email.com
TXN_00699,173,Phone,464.67,2,2024-01-30 03:00:00,user699@email.com
TXN_00700,141,Phone,364.22,1,2024-01-30 04:00:00,
TXN_00701,126,Mouse,499.27,4,2024-01-30 05:00:00,user701@email.com
TXN_00702,58,Headphones,829.97,4,2024-01-30 06:00:00,user702@email.com
TXN_00703,148,Laptop,341.86,4,2024-01-30 07:00:00,user703@email.com
TXN_00704,200,Tablet,182.02,2,2024-01-30 08:00:00,user704@email.com
TXN_00705,61,Mouse,714.89,3,2024-01-30 09:00:00,user705@email.com
TXN_00706,127,Laptop,827.72,1,2024-01-30 10:00:00,user706@email.com
TXN_00707,105,Mouse,109.63,5,2024-01-30 11:00:00,user707@email.com
TXN_00708,167,Mouse,247.48,3,2024-01-30 12:00:00,user708@email.com
TXN_00709,1,Tablet,150.55,2,2024-01-30 13:00:00,user709@email.com
TXN_00710,131,Headphones,354.46,3,2024-01-30 14:00:00,
TXN_00711,92,Phone,455.85,3,2024-01-30 15:00:00,user711@email.com
TXN_00712,190,Headphones,751.34,2,2024-01-30 16:00:00,user712@email.com
TXN_00713,191,Tablet,654.64,4,2024-01-30 17:00:00,user713@email.com
TXN_00714,113,Tablet,624.72,4,2024-01-30 18:00:00,user714@email.com
TXN_00715,153,Tablet,358.85,1,2024-01-30 19:00:00,user715@email.com
TXN_00716,56,Laptop,843.03,1,2024-01-30 20:00:00,user716@email.com
TXN_00717,161,Headphones,476.57,4,2024-01-30 21:00:00,user717@email.com
TXN_00718,166,Headphones,979.31,5,2024-01-30 22:00:00,user718@email.com
TXN_00719,117,Mouse,637.8,3,2024-01-30 23:00:00,user719@email.com
TXN_00720,134,Mouse,135.0,5,2024-01-31 00:00:00,
TXN_00721,58,Mouse,679.42,3,2024-01-31 01:00:00,user721@email.com
TXN_00722,44,Tablet,331.85,4,2024-01-31 02:00:00,user722@email.com
TXN_00723,173,Headphones,689.46,1,2024-01-31 03:00:00,user723@email.com
TXN_00724,160,Tablet,78.94,1,2024-01-31 04:00:00,user724@email.com
TXN_00725,173,Laptop,183.13,5,2024-01-31 05:00:00,user725@email.com
TXN_00726,61,Mouse,857.18,1,2024-01-31 06:00:00,user726@email.com
TXN_00727,47,Tablet,234.91,4,2024-01-31 07:00:00,user727@email.com
TXN_00728,149,Tablet,838.67,5,2024-01-31 08:00:00,user728@email.com
TXN_00729,80,Laptop,286.48,3,2024-01-31 09:00:00,user729@email.com
TXN_00730,118,Phone,646.45,1,2024-01-31 10:00:00,
TXN_00731,164,Headphones,697.21,2,2024-01-31 11:00:00,user731@email.com
TXN_00732,147,Phone,517.53,1,2024-01-31 12:00:00,user732@email.com
TXN_00733,20,Mouse,312.26,3,2024-01-31 13:00:00,user733@email.com
TXN_00734,185,Tablet,220.52,5,2024-01-31 14:00:00,user734@email.com
TXN_00735,146,Laptop,42.86,3,2024-01-31 15:00:00,user735@email.com
TXN_00736,47,Laptop,310.91,2,2024-01-31 16:00:00,user736@email.com
TXN_00737,49,Headphones,656.63,4,2024-01-31 17:00:00,user737@email.com
TXN_00738,14,Phone,938.92,1,2024-01-31 18:00:00,user738@email.com
TXN_00739,143,Headphones,872.49,5,2024-01-31 19:00:00,user739@email.com
TXN_00740,159,Tablet,768.4,4,2024-01-31 20:00:00,
TXN_00741,1,Headphones,790.56,3,2024-01-31 21:00:00,user741@email.com
TXN_00742,117,Laptop,668.34,5,2024-01-31 22:00:00,user742@email.com
TXN_00743,54,Laptop,267.68,4,2024-01-31 23:00:00,user743@email.com
TXN_00744,118,Mouse,908.12,5,2024-02-01 00:00:00,user744@email.com
TXN_00745,3,Mouse,674.02,2,2024-02-01 01:00:00,user745@email.com
TXN_00746,144,Tablet,564.84,2,2024-02-01 02:00:00,user746@email.com
TXN_00747,185,Phone,119.88,1,2024-02-01 03:00:00,user747@email.com
TXN_00748,12,Headphones,452.58,1,2024-02-01 04:00:00,user748@email.com
TXN_00749,74,Tablet,465.75,2,2024-02-01 05:00:00,user749@email.com
TXN_00750,16,Mouse,865.92,5,2024-02-01 06:00:00,
TXN_00751,200,Headphones,551.18,2,2024-02-01 07:00:00,user751@email.com
TXN_00752,102,Mouse,386.6,1,2024-02-01 08:00:00,user752@email.com
TXN_00753,152,Headphones,977.03,2,2024-02-01 09:00:00,user753@email.com
TXN_00754,156,Phone,119.61,2,2024-02-01 10:00:00,user754@email.com
TXN_00755,117,Tablet,428.32,5,2024-02-01 11:00:00,user755@email.com
TXN_00756,8,Headphones,51.6,4,2024-02-01 12:00:00,user756@email.com
TXN_00757,122,Laptop,742.51,1,2024-02-01 13:00:00,user757@email.com
TXN_00758,92,Laptop,918.9,5,2024-02-01 14:00:00,user758@email.com
TXN_00759,164,Headphones,287.24,2,2024-02-01 15:00:00,user759@email.com
TXN_00760,90,Headphones,859.76,2,2024-02-01 16:00:00,
TXN_00761,136,Headphones,299.3,4,2024-02-01 17:00:00,user761@email.com
TXN_00762,186,Laptop,911.66,1,2024-02-01 18:00:00,user762@email.com
TXN_00763,60,Laptop,756.42,1,2024-02-01 19:00:00,user763@email.com
TXN_00764,178,Headphones,806.86,3,2024-02-01 20:00:00,user764@email.com
TXN_00765,28,Mouse,27.83,1,2024-02-01 21:00:00,user765@email.com
TXN_00766,101,Mouse,963.18,4,2024-02-01 22:00:00,user766@email.com
TXN_00767,41,Phone,729.4,3,2024-02-01 23:00:00,user767@email.com
TXN_00768,192,Tablet,311.7,3,2024-02-02 00:00:00,user768@email.com
TXN_00769,155,Mouse,831.1,2,2024-02-02 01:00:00,user769@email.com
TXN_00770,191,Laptop,288.71,2,2024-02-02 02:00:00,
TXN_00771,145,Mouse,874.03,1,2024-02-02 03:00:00,user771@email.com
TXN_00772,161,Phone,121.45,3,2024-02-02 04:00:00,user772@email.com
TXN_00773,157,Phone,706.65,2,2024-02-02 05:00:00,user773@email.com
TXN_00774,141,Tablet,545.29,4,2024-02-02 06:00:00,user774@email.com
TXN_00775,46,Mouse,105.57,2,2024-02-02 07:00:00,user775@email.com
TXN_00776,35,Laptop,249.47,2,2024-02-02 08:00:00,user776@email.com
TXN_00777,134,Laptop,22.28,3,2024-02-02 09:00:00,user777@email.com
TXN_00778,82,Headphones,474.08,3,2024-02-02 10:00:00,user778@email.com
TXN_00779,115,Laptop,308.25,5,2024-02-02 11:00:00,user779@email.com
TXN_00780,197,Tablet,602.37,4,2024-02-02 12:00:00,
TXN_00781,47,Tablet,304.27,3,2024-02-02 13:00:00,user781@email.com
TXN_00782,153,Laptop,306.92,1,2024-02-02 14:00:00,user782@email.com
TXN_00783,194,Laptop,745.76,4,2024-02-02 15:00:00,user783@email.com
TXN_00784,10,Headphones,57.66,4,2024-02-02 16:00:00,user784@email.com
TXN_00785,56,Laptop,903.87,3,2024-02-02 17:00:00,user785@email.com
TXN_00786,30,Headphones,853.74,4,2024-02-02 18:00:00,user786@email.com
TXN_00787,109,Headphones,671.13,3,2024-02-02 19:00:00,user787@email.com
TXN_00788,5,Laptop,597.29,2,2024-02-02 20:00:00,user788@email.com
TXN_00789,119,Phone,893.38,5,2024-02-02 21:00:00,user789@email.com
TXN_00790,33,Phone,193.48,2,2024-02-02 22:00:00,
TXN_00791,118,Headphones,88.18,3,2024-02-02 23:00:00,user791@email.com
TXN_00792,65,Laptop,247.12,3,2024-02-03 00:00:00,user792@email.com
TXN_00793,146,Phone,796.63,2,2024-02-03 01:00:00,user793@email.com
TXN_00794,177,Laptop,44.32,1,2024-02-03 02:00:00,user794@email.com
TXN_00795,11,Laptop,586.98,1,2024-02-03 03:00:00,user795@email.com
TXN_00796,85,Laptop,995.48,1,2024-02-03 04:00:00,user796@email.com
TXN_00797,26,Mouse,857.14,3,2024-02-03 05:00:00,user797@email.com
TXN_00798,63,Laptop,526.23,4,2024-02-03 06:00:00,user798@email.com
TXN_00799,86,Mouse,73.0,3,2024-02-03 07:00:00,user799@email.com
TXN_00800,59,Headphones,833.06,4,2024-02-03 08:00:00,
TXN_00801,27,Phone,602.99,2,2024-02-03 09:00:00,user801@email.com
TXN_00802,177,Phone,123.78,5,2024-02-03 10:00:00,user802@email.com
TXN_00803,161,Phone,102.92,4,2024-02-03 11:00:00,user803@email.com
TXN_00804,98,Phone,910.53,1,2024-02-03 12:00:00,user804@email.com
TXN_00805,105,Phone,672.51,3,2024-02-03 13:00:00,user805@email.com
TXN_00806,99,Phone,830.99,2,2024-02-03 14:00:00,user806@email.com
TXN_00807,129,Phone,880.19,1,2024-02-03 15:00:00,user807@email.com
TXN_00808,149,Headphones,576.05,2,2024-02-03 16:00:00,user808@email.com
TXN_00809,55,Laptop,522.27,5,2024-02-03 17:00:00,user809@email.com
TXN_00810,6,Tablet,436.12,3,2024-02-03 18:00:00,
TXN_00811,197,Mouse,323.78,3,2024-02-03 19:00:00,user811@email.com
TXN_00812,95,Tablet,440.25,5,2024-02-03 20:00:00,user812@email.com
TXN_00813,133,Tablet,776.14,3,2024-02-03 21:00:00,user813@email.com
TXN_00814,102,Laptop,605.9,4,2024-02-03 22:00:00,user814@email.com
TXN_00815,3,Laptop,893.6,2,2024-02-03 23:00:00,user815@email.com
TXN_00816,181,Laptop,448.95,1,2024-02-04 00:00:00,user816@email.com
TXN_00817,23,Phone,611.02,5,2024-02-04 01:00:00,user817@email.com
TXN_00818,53,Headphones,634.99,4,2024-02-04 02:00:00,user818@email.com
TXN_00819,165,Phone,595.78,1,2024-02-04 03:00:00,user819@email.com
TXN_00820,83,Headphones,705.61,1,2024-02-04 04:00:00,
TXN_00821,145,Headphones,245.06,5,2024-02-04 05:00:00,user821@email.com
TXN_00822,85,Tablet,517.24,4,2024-02-04 06:00:00,user822@email.com
TXN_00823,78,Tablet,113.18,1,2024-02-04 07:00:00,user823@email.com
TXN_00824,110,Headphones,390.67,1,2024-02-04 08:00:00,user824@email.com
TXN_00825,1,Headphones,492.79,4,2024-02-04 09:00:00,user825@email.com
TXN_00826,51,Phone,655.7,3,2024-02-04 10:00:00,user826@email.com
TXN_00827,173,Phone,951.03,1,2024-02-04 11:00:00,user827@email.com
TXN_00828,4,Tablet,604.64,2,2024-02-04 12:00:00,user828@email.com
TXN_00829,190,Laptop,746.16,4,2024-02-04 13:00:00,user829@email.com
TXN_00830,193,Headphones,511.2,1,2024-02-04 14:00:00,
TXN_00831,113,Phone,637.76,5,2024-02-04 15:00:00,user831@email.com
TXN_00832,32,Tablet,80.22,2,2024-02-04 16:00:00,user832@email.com
TXN_00833,34,Phone,261.85,1,2024-02-04 17:00:00,user833@email.com
TXN_00834,92,Headphones,368.23,2,2024-02-04 18:00:00,user834@email.com
TXN_00835,95,Headphones,477.77,2,2024-02-04 19:00:00,user835@email.com
TXN_00836,72,Mouse,55.19,3,2024-02-04 20:00:00,user836@email.com
TXN_00837,39,Laptop,148.62,2,2024-02-04 21:00:00,user837@email.com
TXN_00838,154,Mouse,284.05,3,2024-02-04 22:00:00,user838@email.com
TXN_00839,162,Tablet,971.82,4,2024-02-04 23:00:00,user839@email.com
TXN_00840,182,Phone,338.03,3,2024-02-05 00:00:00,
TXN_00841,118,Tablet,487.22,5,2024-02-05 01:00:00,user841@email.com
TXN_00842,3,Headphones,204.14,1,2024-02-05 02:00:00,user842@email.com
TXN_00843,123,Mouse,614.67,4,2024-02-05 03:00:00,user843@email.com
TXN_00844,50,Mouse,287.88,4,2024-02-05 04:00:00,user844@email.com
TXN_00845,12,Mouse,214.92,5,2024-02-05 05:00:00,user845@email.com
TXN_00846,193,Tablet,521.41,3,2024-02-05 06:00:00,user846@email.com
TXN_00847,54,Headphones,15.45,1,2024-02-05 07:00:00,user847@email.com
TXN_00848,133,Phone,17.59,3,2024-02-05 08:00:00,user848@email.com
TXN_00849,57,Phone,226.88,2,2024-02-05 09:00:00,user849@email.com
TXN_00850,145,Tablet,46.35,3,2024-02-05 10:00:00,
TXN_00851,112,Mouse,116.95,4,2024-02-05 11:00:00,user851@email.com
TXN_00852,47,Laptop,345.47,1,2024-02-05 12:00:00,user852@email.com
TXN_00853,151,Tablet,804.56,3,2024-02-05 13:00:00,user853@email.com
TXN_00854,85,Tablet,576.33,1,2024-02-05 14:00:00,user854@email.com
TXN_00855,142,Headphones,517.54,1,2024-02-05 15:00:00,user855@email.com
TXN_00856,66,Phone,300.55,2,2024-02-05 16:00:00,user856@email.com
TXN_00857,75,Tablet,932.44,2,2024-02-05 17:00:00,user857@email.com
TXN_00858,179,Tablet,403.04,4,2024-02-05 18:00:00,user858@email.com
TXN_00859,103,Mouse,96.22,5,2024-02-05 19:00:00,user859@email.com
TXN_00860,166,Mouse,620.9,1,2024-02-05 20:00:00,
TXN_00861,192,Laptop,122.7,5,2024-02-05 21:00:00,user861@email.com
TXN_00862,38,Headphones,351.77,4,2024-02-05 22:00:00,user862@email.com
TXN_00863,50,Laptop,512.34,1,2024-02-05 23:00:00,user863@email.com
TXN_00864,98,Mouse,875.48,1,2024-02-06 00:00:00,user864@email.com
TXN_00865,82,Phone,498.61,5,2024-02-06 01:00:00,user865@email.com
TXN_00866,30,Mouse,705.24,3,2024-02-06 02:00:00,user866@email.com
TXN_00867,79,Headphones,992.89,2,2024-02-06 03:00:00,user867@email.com
TXN_00868,91,Mouse,140.17,3,2024-02-06 04:00:00,user868@email.com
TXN_00869,179,Headphones,281.98,5,2024-02-06 05:00:00,user869@email.com
TXN_00870,191,Headphones,400.63,2,2024-02-06 06:00:00,
TXN_00871,52,Headphones,427.61,3,2024-02-06 07:00:00,user871@email.com
TXN_00872,166,Headphones,416.91,2,2024-02-06 08:00:00,user872@email.com
TXN_00873,79,Headphones,908.53,1,2024-02-06 09:00:00,user873@email.com
TXN_00874,30,Phone,716.89,3,2024-02-06 10:00:00,user874@email.com
TXN_00875,106,Laptop,611.83,2,2024-02-06 11:00:00,user875@email.com
TXN_00876,51,Tablet,316.28,2,2024-02-06 12:00:00,user876@email.com
TXN_00877,81,Laptop,825.55,2,2024-02-06 13:00:00,user877@email.com
TXN_00878,133,Headphones,955.51,3,2024-02-06 14:00:00,user878@email.com
TXN_00879,29,Phone,822.99,4,2024-02-06 15:00:00,user879@email.com
TXN_00880,132,Mouse,11.55,3,2024-02-06 16:00:00,
TXN_00881,138,Phone,640.04,5,2024-02-06 17:00:00,user881@email.com
TXN_00882,184,Headphones,60.62,3,2024-02-06 18:00:00,user882@email.com
TXN_00883,145,Phone,265.03,2,2024-02-06 19:00:00,user883@email.com
TXN_00884,74,Phone,68.93,1,2024-02-06 20:00:00,user884@email.com
TXN_00885,17,Headphones,607.76,3,2024-02-06 21:00:00,user885@email.com
TXN_00886,84,Phone,689.72,3,2024-02-06 22:00:00,user886@email.com
TXN_00887,69,Tablet,123.34,2,2024-02-06 23:00:00,user887@email.com
TXN_00888,34,Tablet,390.0,1,2024-02-07 00:00:00,user888@email.com
TXN_00889,6,Phone,461.67,1,2024-02-07 01:00:00,user889@email.com
TXN_00890,53,Mouse,375.36,5,2024-02-07 02:00:00,
TXN_00891,194,Headphones,129.81,3,2024-02-07 03:00:00,user891@email.com
TXN_00892,126,Tablet,424.76,1,2024-02-07 04:00:00,user892@email.com
TXN_00893,43,Mouse,753.67,1,2024-02-07 05:00:00,user893@email.com
TXN_00894,115,Phone,80.3,4,2024-02-07 06:00:00,user894@email.com
TXN_00895,111,Mouse,89.38,4,2024-02-07 07:00:00,user895@email.com
TXN_00896,151,Laptop,361.22,1,2024-02-07 08:00:00,user896@email.com
TXN_00897,183,Tablet,942.31,5,2024-02-07 09:00:00,user897@email.com
TXN_00898,80,Phone,671.89,1,2024-02-07 10:00:00,user898@email.com
TXN_00899,95,Headphones,681.88,2,2024-02-07 11:00:00,user899@email.com
TXN_00900,118,Phone,368.3,3,2024-02-07 12:00:00,
TXN_00901,144,Headphones,597.72,5,2024-02-07 13:00:00,user901@email.com
TXN_00902,8,Phone,20.03,2,2024-02-07 14:00:00,user902@email.com
TXN_00903,132,Mouse,639.74,5,2024-02-07 15:00:00,user903@email.com
TXN_00904,104,Mouse,914.15,2,2024-02-07 16:00:00,user904@email.com
TXN_00905,132,Mouse,616.45,3,2024-02-07 17:00:00,user905@email.com
TXN_00906,184,Laptop,874.96,3,2024-02-07 18:00:00,user906@email.com
TXN_00907,25,Headphones,726.73,4,2024-02-07 19:00:00,user907@email.com
TXN_00908,195,Mouse,129.35,2,2024-02-07 20:00:00,user908@email.com
TXN_00909,96,Laptop,903.43,4,2024-02-07 21:00:00,user909@email.com
TXN_00910,195,Headphones,75.78,2,2024-02-07 22:00:00,
TXN_00911,155,Phone,538.63,4,2024-02-07 23:00:00,user911@email.com
TXN_00912,93,Laptop,150.72,3,2024-02-08 00:00:00,user912@email.com
TXN_00913,160,Tablet,21.59,5,2024-02-08 01:00:00,user913@email.com
TXN_00914,178,Laptop,427.81,4,2024-02-08 02:00:00,user914@email.com
TXN_00915,61,Laptop,302.09,2,2024-02-08 03:00:00,user915@email.com
TXN_00916,122,Headphones,491.14,2,2024-02-08 04:00:00,user916@email.com
TXN_00917,51,Phone,581.43,3,2024-02-08 05:00:00,user917@email.com
TXN_00918,147,Tablet,53.3,2,2024-02-08 06:00:00,user918@email.com
TXN_00919,21,Mouse,131.77,1,2024-02-08 07:00:00,user919@email.com
TXN_00920,5,Mouse,563.06,5,2024-02-08 08:00:00,
TXN_00921,92,Laptop,349.74,4,2024-02-08 09:00:00,user921@email.com
TXN_00922,170,Headphones,731.88,5,2024-02-08 10:00:00,user922@email.com
TXN_00923,61,Headphones,655.77,3,2024-02-08 11:00:00,user923@email.com
TXN_00924,22,Mouse,847.15,4,2024-02-08 12:00:00,user924@email.com
TXN_00925,149,Tablet,695.57,4,2024-02-08 13:00:00,user925@email.com
TXN_00926,70,Phone,435.63,1,2024-02-08 14:00:00,user926@email.com
TXN_00927,1,Tablet,676.24,3,2024-02-08 15:00:00,user927@email.com
TXN_00928,133,Phone,282.63,2,2024-02-08 16:00:00,user928@email.com
TXN_00929,12,Mouse,313.25,1,2024-02-08 17:00:00,user929@email.com
TXN_00930,90,Phone,791.1,1,2024-02-08 18:00:00,
TXN_00931,46,Headphones,451.96,5,2024-02-08 19:00:00,user931@email.com
TXN_00932,34,Laptop,800.4,5,2024-02-08 20:00:00,user932@email.com
TXN_00933,177,Laptop,824.2,5,2024-02-08 21:00:00,user933@email.com
TXN_00934,78,Mouse,858.99,1,2024-02-08 22:00:00,user934@email.com
TXN_00935,45,Headphones,917.47,2,2024-02-08 23:00:00,user935@email.com
TXN_00936,155,Tablet,436.68,4,2024-02-09 00:00:00,user936@email.com
TXN_00937,73,Headphones,325.68,5,2024-02-09 01:00:00,user937@email.com
TXN_00938,26,Laptop,586.38,2,2024-02-09 02:00:00,user938@email.com
TXN_00939,47,Laptop,377.46,3,2024-02-09 03:00:00,user939@email.com
TXN_00940,121,Headphones,605.06,5,2024-02-09 04:00:00,
TXN_00941,56,Headphones,708.53,4,2024-02-09 05:00:00,user941@email.com
TXN_00942,94,Laptop,691.52,3,2024-02-09 06:00:00,user942@email.com
TXN_00943,107,Tablet,380.81,3,2024-02-09 07:00:00,user943@email.com
TXN_00944,63,Mouse,175.19,4,2024-02-09 08:00:00,user944@email.com
TXN_00945,48,Mouse,436.22,5,2024-02-09 09:00:00,user945@email.com
TXN_00946,61,Headphones,151.17,1,2024-02-09 10:00:00,user946@email.com
TXN_00947,81,Mouse,891.2,4,2024-02-09 11:00:00,user947@email.com
TXN_00948,26,Laptop,352.42,4,2024-02-09 12:00:00,user948@email.com
TXN_00949,36,Laptop,162.92,4,2024-02-09 13:00:00,user949@email.com
TXN_00950,1,Headphones,35.19,3,2024-02-09 14:00:00,
TXN_00951,8,Headphones,649.36,2,2024-02-09 15:00:00,user951@email.com
TXN_00952,113,Headphones,640.53,1,2024-02-09 16:00:00,user952@email.com
TXN_00953,99,Tablet,347.2,5,2024-02-09 17:00:00,user953@email.com
TXN_00954,180,Mouse,80.99,5,2024-02-09 18:00:00,user954@email.com
TXN_00955,47,Headphones,415.53,2,2024-02-09 19:00:00,user955@email.com
TXN_00956,127,Phone,318.11,4,2024-02-09 20:00:00,user956@email.com
TXN_00957,56,Phone,680.35,1,2024-02-09 21:00:00,user957@email.com
TXN_00958,14,Laptop,609.72,5,2024-02-09 22:00:00,user958@email.com
TXN_00959,28,Mouse,370.95,5,2024-02-09 23:00:00,user959@email.com
TXN_00960,78,Headphones,225.71,4,2024-02-10 00:00:00,
TXN_00961,130,Phone,988.16,2,2024-02-10 01:00:00,user961@email.com
TXN_00962,109,Mouse,459.46,1,2024-02-10 02:00:00,user962@email.com
TXN_00963,154,Laptop,691.39,2,2024-02-10 03:00:00,user963@email.com
TXN_00964,14,Tablet,149.15,2,2024-02-10 04:00:00,user964@email.com
TXN_00965,187,Mouse,490.73,1,2024-02-10 05:00:00,user965@email.com
TXN_00966,56,Mouse,37.26,1,2024-02-10 06:00:00,user966@email.com
TXN_00967,115,Tablet,510.4,5,2024-02-10 07:00:00,user967@email.com
TXN_00968,7,Mouse,964.38,5,2024-02-10 08:00:00,user968@email.com
TXN_00969,3,Laptop,390.36,1,2024-02-10 09:00:00,user969@email.com
TXN_00970,111,Laptop,48.61,3,2024-02-10 10:00:00,
TXN_00971,151,Tablet,40.65,5,2024-02-10 11:00:00,user971@email.com
TXN_00972,107,Headphones,394.11,3,2024-02-10 12:00:00,user972@email.com
TXN_00973,18,Phone,168.42,1,2024-02-10 13:00:00,user973@email.com
TXN_00974,38,Headphones,33.12,5,2024-02-10 14:00:00,user974@email.com
TXN_00975,115,Mouse,758.65,2,2024-02-10 15:00:00,user975@email.com
TXN_00976,15,Phone,463.94,1,2024-02-10 16:00:00,user976@email.com
TXN_00977,192,Tablet,296.35,4,2024-02-10 17:00:00,user977@email.com
TXN_00978,119,Tablet,901.08,3,2024-02-10 18:00:00,user978@email.com
TXN_00979,28,Phone,124.98,1,2024-02-10 19:00:00,user979@email.com
TXN_00980,39,Laptop,956.36,1,2024-02-10 20:00:00,
TXN_00981,185,Phone,320.83,5,2024-02-10 21:00:00,user981@email.com
TXN_00982,17,Mouse,889.52,5,2024-02-10 22:00:00,user982@email.com
TXN_00983,86,Laptop,606.91,5,2024-02-10 23:00:00,user983@email.com
TXN_00984,126,Tablet,828.44,4,2024-02-11 00:00:00,user984@email.com
TXN_00985,44,Phone,984.17,5,2024-02-11 01:00:00,user985@email.com
TXN_00986,25,Headphones,295.52,1,2024-02-11 02:00:00,user986@email.com
TXN_00987,145,Headphones,961.52,5,2024-02-11 03:00:00,user987@email.com
TXN_00988,13,Mouse,395.59,2,2024-02-11 04:00:00,user988@email.com
TXN_00989,25,Headphones,391.66,5,2024-02-11 05:00:00,user989@email.com
TXN_00990,68,Phone,346.98,4,2024-02-11 06:00:00,
TXN_00991,138,Phone,545.99,2,2024-02-11 07:00:00,user991@email.com
TXN_00992,67,Headphones,162.6,1,2024-02-11 08:00:00,user992@email.com
TXN_00993,109,Phone,558.17,1,2024-02-11 09:00:00,user993@email.com
TXN_00994,146,Mouse,546.29,3,2024-02-11 10:00:00,user994@email.com
TXN_00995,111,Laptop,764.28,2,2024-02-11 11:00:00,user995@email.com
TXN_00996,111,Mouse,835.31,3,2024-02-11 12:00:00,user996@email.com
TXN_00997,34,Mouse,446.04,2,2024-02-11 13:00:00,user997@email.com
TXN_00998,111,Phone,309.31,2,2024-02-11 14:00:00,user998@email.com
TXN_00999,8,Laptop,266.74,4,2024-02-11 15:00:00,user999@email.com
